{"cameraMode":{"drawMode":0,"name":"Shaded","section":"Shading Mode"},"sceneLighting":true,"audioPlay":false,"sceneViewState":{"showFog":true,"showMaterialUpdate":false,"showSkybox":true,"showFlares":true,"showImageEffects":true,"showParticleSystems":true},"in2DMode":false,"pivot":{"x":4.78826904296875,"y":7.37109375,"z":6.1435546875},"rotation":{"x":0.40731075406074526,"y":-0.5881442427635193,"z":0.44482648372650149,"w":0.5388743877410889},"size":7.526249408721924,"orthographic":true}